<?xml version="1.0" encoding="UTF-8"?>
<project name="module_robotuilibrary" default="compile.module.robotuilibrary">
  <dirname property="module.robotuilibrary.basedir" file="${ant.file.module_robotuilibrary}"/>
  
  <property name="module.jdk.home.robotuilibrary" value="${project.jdk.home}"/>
  <property name="module.jdk.bin.robotuilibrary" value="${project.jdk.bin}"/>
  <property name="module.jdk.classpath.robotuilibrary" value="${project.jdk.classpath}"/>
  
  <property name="compiler.args.robotuilibrary" value="${compiler.args}"/>
  
  <property name="robotuilibrary.output.dir" value="${module.robotuilibrary.basedir}/bin"/>
  <property name="robotuilibrary.testoutput.dir" value="${module.robotuilibrary.basedir}/bin"/>
  
  <path id="robotuilibrary.module.bootclasspath">
    <!-- Paths to be included in compilation bootclasspath -->
  </path>
  
  <path id="robotuilibrary.module.production.classpath">
    <path refid="${module.jdk.classpath.robotuilibrary}"/>
    <pathelement location="${robotlibrary.output.dir}"/>
  </path>
  
  <path id="robotuilibrary.runtime.production.module.classpath">
    <pathelement location="${robotuilibrary.output.dir}"/>
    <path refid="robotlibrary.runtime.production.module.classpath"/>
  </path>
  
  <path id="robotuilibrary.module.classpath">
    <path refid="${module.jdk.classpath.robotuilibrary}"/>
    <pathelement location="${robotuilibrary.output.dir}"/>
    <pathelement location="${robotlibrary.testoutput.dir}"/>
    <pathelement location="${robotlibrary.output.dir}"/>
  </path>
  
  <path id="robotuilibrary.runtime.module.classpath">
    <pathelement location="${robotuilibrary.output.dir}"/>
    <path refid="robotlibrary.runtime.module.classpath"/>
  </path>
  
  
  <patternset id="excluded.from.module.robotuilibrary">
    <patternset refid="ignored.files"/>
  </patternset>
  
  <patternset id="excluded.from.compilation.robotuilibrary">
    <patternset refid="excluded.from.module.robotuilibrary"/>
  </patternset>
  
  <path id="robotuilibrary.module.sourcepath">
    <dirset dir="${module.robotuilibrary.basedir}">
      <include name="src"/>
      <include name="gen"/>
    </dirset>
  </path>
  
  
  <target name="compile.module.robotuilibrary" depends="compile.module.robotuilibrary.production,compile.module.robotuilibrary.tests" description="Compile module RobotUILibrary"/>
  
  <target name="compile.module.robotuilibrary.production" depends="compile.module.robotlibrary" description="Compile module RobotUILibrary; production classes">
    <mkdir dir="${robotuilibrary.output.dir}"/>
    <javac destdir="${robotuilibrary.output.dir}" debug="${compiler.debug}" nowarn="${compiler.generate.no.warnings}" memorymaximumsize="${compiler.max.memory}" fork="true" executable="${module.jdk.bin.robotuilibrary}/javac">
      <compilerarg line="${compiler.args.robotuilibrary}"/>
      <bootclasspath refid="robotuilibrary.module.bootclasspath"/>
      <classpath refid="robotuilibrary.module.production.classpath"/>
      <src refid="robotuilibrary.module.sourcepath"/>
      <patternset refid="excluded.from.compilation.robotuilibrary"/>
    </javac>
    
    <copy todir="${robotuilibrary.output.dir}">
      <fileset dir="${module.robotuilibrary.basedir}/src">
        <patternset refid="compiler.resources"/>
        <type type="file"/>
      </fileset>
      <fileset dir="${module.robotuilibrary.basedir}/gen">
        <patternset refid="compiler.resources"/>
        <type type="file"/>
      </fileset>
    </copy>
  </target>
  
  <target name="compile.module.robotuilibrary.tests" depends="compile.module.robotuilibrary.production" description="compile module RobotUILibrary; test classes" unless="skip.tests"/>
  
  <target name="clean.module.robotuilibrary" description="cleanup module">
    <delete dir="${robotuilibrary.output.dir}"/>
    <delete dir="${robotuilibrary.testoutput.dir}"/>
  </target>
</project>